instance,time,gap
A-n32-k5,0.0013586999994004145,46.045918367346935
A-n32-k5,0.002180600000428967,45.535714285714285
A-n32-k5,0.0022804999989602948,44.77040816326531
A-n32-k5,0.0024021999997785315,41.83673469387755
A-n32-k5,0.002712999999857857,39.9234693877551
A-n32-k5,0.0028055999991920544,38.775510204081634
A-n32-k5,0.0029001999992033234,38.13775510204081
A-n32-k5,0.0031440999991900753,37.11734693877551
A-n32-k5,0.003391199999896344,35.84183673469388
A-n32-k5,0.003576200000679819,35.58673469387755
A-n32-k5,0.003803699999480159,34.566326530612244
A-n32-k5,0.004517999999734457,33.80102040816326
A-n32-k5,0.004707599999164813,31.377551020408163
A-n32-k5,0.0051991000000271015,31.122448979591837
A-n32-k5,0.005529099998966558,30.102040816326532
A-n32-k5,0.005773700000645476,29.97448979591837
A-n32-k5,0.00593259999914153,28.8265306122449
A-n32-k5,0.006272299999181996,28.443877551020407
A-n32-k5,0.006557099999554339,28.316326530612244
A-n32-k5,0.006675000000541331,26.913265306122447
A-n32-k5,0.006749799998942763,25.255102040816325
A-n32-k5,0.007128600000214647,24.872448979591837
A-n32-k5,0.007296800000403891,24.744897959183675
A-n32-k5,0.007400399999824003,24.617346938775512
A-n32-k5,0.007535099999586237,21.683673469387756
A-n32-k5,0.00767459999951825,19.77040816326531
A-n32-k5,0.007860300000174902,17.857142857142858
A-n32-k5,0.008343199999217177,16.581632653061224
A-n32-k5,0.008875800000168965,14.285714285714285
A-n32-k5,0.00897400000030757,12.5
A-n32-k5,0.009503400000539841,11.224489795918368
A-n32-k5,0.009602099999028724,8.16326530612245
A-n32-k5,0.00972379999984696,6.63265306122449
A-n32-k5,0.009835999999268097,4.336734693877551
A-n32-k5,0.011179999999512802,1.530612244897959
A-n32-k5,6.226710900000398,0.6377551020408163
A-n32-k5,6.227241000000504,0.12755102040816327
A-n32-k5,6.335103600000366,0.0
A-n80-k10,0.0043215000005147886,35.96142938173568
A-n80-k10,0.005137199999808217,35.84798638684062
A-n80-k10,0.006049400000847527,35.73454339194554
A-n80-k10,0.0062682000007043825,35.62110039705048
A-n80-k10,0.00651800000014191,35.56437889960295
A-n80-k10,0.00670200000058685,35.053885422575156
A-n80-k10,0.007786100000885199,34.2597844583097
A-n80-k10,0.008092899999610381,32.728304027226315
A-n80-k10,0.008268800000223564,32.614861032331255
A-n80-k10,0.008998699999210658,32.21781055019853
A-n80-k10,0.009355599999253172,32.16108905275099
A-n80-k10,0.010097500000483706,31.02665910380034
A-n80-k10,0.010346600000048056,30.40272263187748
A-n80-k10,0.010709000000133528,30.34600113442995
A-n80-k10,0.010905400000410737,30.23255813953488
A-n80-k10,0.012030100000629318,30.119115144639817
A-n80-k10,0.01219900000069174,29.948950652297217
A-n80-k10,0.013156400000298163,29.835507657402154
A-n80-k10,0.013320399999429355,29.55190017016449
A-n80-k10,0.013473200000589713,25.52467385138968
A-n80-k10,0.013684999999895808,25.35450935904708
A-n80-k10,0.013887200000681332,25.184344866704482
A-n80-k10,0.014322499999252614,25.127623369256945
A-n80-k10,0.01449970000066969,24.90073737946682
A-n80-k10,0.015147600001000683,24.163357912648895
A-n80-k10,0.015312300000005052,23.823028927963698
A-n80-k10,0.015935499999613967,23.596142938173568
A-n80-k10,0.01610369999980321,23.539421440726034
A-n80-k10,0.016788000000815373,22.745320476460577
A-n80-k10,0.016943099999480182,22.631877481565514
A-n80-k10,0.01745149999987916,22.291548496880317
A-n80-k10,0.017801699999836273,21.837776517300057
A-n80-k10,0.01795700000002398,20.703346568349403
A-n80-k10,0.018144899999242625,19.05842314237096
A-n80-k10,0.018309799999769893,19.001701644923426
A-n80-k10,0.018457399999533664,18.83153715258083
A-n80-k10,0.018962000000101398,18.718094157685762
A-n80-k10,0.01993679999941378,15.031196823596144
A-n80-k10,0.02022659999965981,14.237095859330687
A-n80-k10,0.02164470000025176,14.06693136698809
A-n80-k10,0.02184760000091046,14.010209869540555
A-n80-k10,0.022071600000344915,13.726602382302893
A-n80-k10,0.0236282999994728,13.66988088485536
A-n80-k10,0.0249206000007689,13.613159387407828
A-n80-k10,0.025096499999563093,13.386273397617698
A-n80-k10,0.026951499999995576,13.329551900170165
A-n80-k10,0.02760169999965001,13.159387407827566
A-n80-k10,0.02795019999939541,12.648893930799773
A-n80-k10,0.028989099999307655,12.422007941009642
A-n80-k10,0.02985400000034133,12.195121951219512
A-n80-k10,0.030185900001015398,11.514463981849122
A-n80-k10,0.030719200000021374,11.457742484401589
A-n80-k10,0.0325806000000739,11.230856494611457
A-n80-k10,0.03294330000062473,11.06069200226886
A-n80-k10,0.03312200000073062,10.890527509926262
A-n80-k10,0.034597500000018044,10.266591038003403
A-n80-k10,0.03478680000080203,10.153148043108338
A-n80-k10,0.03493970000090485,9.926262053318208
A-n80-k10,0.035096100000373553,9.699376063528078
A-n80-k10,0.035606400000688154,9.585933068633013
A-n80-k10,0.037541899999268935,9.52921157118548
A-n80-k10,0.05328250000093249,8.848553601815087
A-n80-k10,0.06431920000068203,8.338060124787294
A-n80-k10,0.06794559999980265,8.28133862733976
A-n80-k10,0.06868050000048243,8.167895632444697
A-n80-k10,0.07846220000101312,7.430516165626773
A-n80-k10,0.08590840000033495,7.37379466817924
A-n80-k10,0.09094910000021628,6.352807714123652
A-n80-k10,0.5517077999993489,6.239364719228588
A-n80-k10,0.553669599999921,6.012478729438457
A-n80-k10,0.5552905999993527,5.899035734543392
A-n80-k10,0.5728999999992084,5.728871242200794
A-n80-k10,0.5845349000010174,5.275099262620533
A-n80-k10,0.5946614000004047,5.161656267725468
A-n80-k10,0.6017081000009057,4.934770277935337
A-n80-k10,2.350296399999934,4.878048780487805
A-n80-k10,2.3508536999997887,4.76460578559274
A-n80-k10,2.3511842000007164,4.651162790697675
A-n80-k10,2.351779599999645,4.480998298355077
A-n80-k10,4.772838700000648,4.310833806012479
A-n80-k10,5.111995400000524,3.970504821327283
A-n80-k10,5.112733199999639,3.9137833238797506
A-n80-k10,8.51369639999939,3.8570618264322176
A-n80-k10,8.515987900000255,3.800340328984685
A-n80-k10,8.527162399999725,3.5167328417470225
A-n80-k10,10.975699099999474,3.2898468519568915
A-n80-k10,10.980543600000601,3.0629608621667614
A-n80-k10,10.989065699999628,3.0062393647192285
A-n80-k10,11.00897839999925,2.4390243902439024
A-n80-k10,11.014612999999372,2.098695405558707
A-n80-k10,11.022363399999449,1.9852524106636416
A-n80-k10,11.027401200000895,1.9285309132161088
X-n101-k25,0.007434700000885641,50.48385343046645
X-n101-k25,0.008673300000737072,50.375122322496466
X-n101-k25,0.009967699999833712,50.20115254974448
X-n101-k25,0.011828400000013062,48.595556522054295
X-n101-k25,0.013042000000496046,47.707585806966044
X-n101-k25,0.013958999999886146,47.61697655032438
X-n101-k25,0.014650999999503256,46.57678228407814
X-n101-k25,0.016120599999339902,46.52241673009315
X-n101-k25,0.016848299999765004,46.44630495451415
X-n101-k25,0.017721800000799703,45.35899387481425
X-n101-k25,0.01892260000022361,45.30100395056359
X-n101-k25,0.019170999999914784,45.24301402631293
X-n101-k25,0.019913000000087777,43.75339784712406
X-n101-k25,0.02068660000077216,42.173172411293535
X-n101-k25,0.021027099999628263,40.43709905403936
X-n101-k25,0.022066300000005867,40.35373853792903
X-n101-k25,0.02351490000000922,40.35011416766337
X-n101-k25,0.024327499999344582,40.288499873147046
X-n101-k25,0.02475120000053721,38.831503026349175
X-n101-k25,0.025635600000896375,37.90366423833859
X-n101-k25,0.02647410000099626,36.56264724004204
X-n101-k25,0.026961499999742955,36.53365227791671
X-n101-k25,0.02742750000106753,36.530027907651046
X-n101-k25,0.027926700000534765,36.04798666231742
X-n101-k25,0.02838250000058906,34.0690804972636
X-n101-k25,0.028906999999890104,34.06545612699794
X-n101-k25,0.029264000000694068,33.90960820557428
X-n101-k25,0.02970389999973122,33.826247689463955
X-n101-k25,0.02993419999984326,33.22097785509768
X-n101-k25,0.03015170000071521,32.974520677032366
X-n101-k25,0.031127599999308586,31.013736363306876
X-n101-k25,0.03256119999969087,28.849987314704066
X-n101-k25,0.032804200000100536,27.124787068246892
X-n101-k25,0.03301599999940663,26.399913015113626
X-n101-k25,0.033244899999772315,26.352796201659963
X-n101-k25,0.03346170000077109,26.222318872095972
X-n101-k25,0.03378759999941394,25.446703635243377
X-n101-k25,0.034115599999495316,24.88855061433076
X-n101-k25,0.03478540000105568,24.319524482621144
X-n101-k25,0.035591500000009546,22.565329274038636
X-n101-k25,0.0358591999993223,22.166648544815338
X-n101-k25,0.0367937000009988,21.93468884781269
X-n101-k25,0.03802759999962291,21.840455220905366
X-n101-k25,0.038265499999397434,21.76071907506071
X-n101-k25,0.038492499999847496,21.575876191511725
X-n101-k25,0.038794800000687246,21.467145083541737
X-n101-k25,0.03900439999961236,21.1373273893661
X-n101-k25,0.04000640000049316,21.13370301910043
X-n101-k25,0.04038910000053875,21.1264542785691
X-n101-k25,0.04079970000020694,20.535681925265482
X-n101-k25,0.04170730000078038,20.3725852633105
X-n101-k25,0.04225690000021132,19.981153274618535
X-n101-k25,0.04385220000040135,19.731071726287556
X-n101-k25,0.04441700000097626,19.71657424522489
X-n101-k25,0.04560309999942547,19.669457431771228
X-n101-k25,0.046459799999865936,19.194664926968937
X-n101-k25,0.04674470000099973,18.948207748903627
X-n101-k25,0.04998169999998936,18.886593454387302
X-n101-k25,0.05027410000002419,18.690877460041317
X-n101-k25,0.05173009999998612,18.622014424993658
X-n101-k25,0.05792939999992086,17.39335290493277
X-n101-k25,0.058172900000499794,17.364357942807437
X-n101-k25,0.05858550000084506,16.624986408611502
X-n101-k25,0.06019689999993716,15.842122431227573
X-n101-k25,0.06077910000021802,15.791381247508246
X-n101-k25,0.06146480000097654,15.722518212460585
X-n101-k25,0.06280520000109391,15.38182740748795
X-n101-k25,0.06580770000073244,14.87441557029466
X-n101-k25,0.0662281000004441,14.78743068391867
X-n101-k25,0.06644640000013169,14.588090319307021
X-n101-k25,0.06736629999977595,14.493856692399696
X-n101-k25,0.06956530000024941,14.240150773803052
X-n101-k25,0.07148910000069009,14.229277663006052
X-n101-k25,0.07352159999936703,13.768982639266428
X-n101-k25,0.07374820000040927,13.605885977311441
X-n101-k25,0.08907809999982419,13.555144793592113
X-n101-k25,0.08938520000083372,13.20358087782248
X-n101-k25,0.08964680000099179,12.823021999927512
X-n101-k25,0.09735770000042976,12.699793410894857
X-n101-k25,0.10049330000038026,12.663549708238195
X-n101-k25,0.10178600000108418,12.601935413721865
X-n101-k25,0.11639300000024377,12.395346308578885
X-n101-k25,0.12102779999986524,12.351853865390888
X-n101-k25,0.148321799999394,12.34098075459389
X-n101-k25,0.15057829999932437,12.337356384328222
X-n101-k25,0.1543655999994371,12.304737051937225
X-n101-k25,0.15467910000006668,11.964046246964589
X-n101-k25,0.16173970000090776,11.652350404117284
X-n101-k25,0.16365829999995185,11.532746185350295
X-n101-k25,0.17063059999964025,11.503751223224965
X-n101-k25,0.17273519999980635,11.347903301801313
X-n101-k25,0.17571909999969648,11.268167155956652
X-n101-k25,0.18368560000089929,11.228299083034322
X-n101-k25,0.18563580000045476,11.170309158783661
X-n101-k25,0.1867050000000745,11.137689826392664
X-n101-k25,0.1879841000009037,10.641151099996375
X-n101-k25,0.19281910000063363,10.528795621760718
X-n101-k25,0.19654410000111966,10.441810735384728
X-n101-k25,0.19684820000111358,10.30046029502374
X-n101-k25,0.19707840000046417,10.18085607625675
X-n101-k25,0.19757930000014312,9.097169366822515
X-n101-k25,0.19781370000055176,8.832590337428872
X-n101-k25,0.19809859999986656,8.491899532456236
X-n101-k25,0.19877489999998943,8.198325540937262
X-n101-k25,0.21292060000087076,8.194701170671596
X-n101-k25,0.2398620000003575,8.183828059874596
X-n101-k25,0.24669159999939438,7.9699902142002825
X-n101-k25,0.2506140999994386,7.96274147366895
X-n101-k25,0.25132920000032755,7.897502808886955
X-n101-k25,0.2529991000010341,7.890254068355623
X-n101-k25,0.8279407999998512,7.792396071182632
X-n101-k25,0.8283473000010417,7.770649849588635
X-n101-k25,2.5503994000009698,7.643796890290313
X-n101-k25,2.5552679000011267,7.622050668696315
X-n101-k25,2.557160500000464,7.560436374179987
X-n101-k25,2.5575392999999167,7.545938893117321
X-n101-k25,2.558128399999987,7.524192671523323
X-n101-k25,3.9435795999997936,7.390090971693668
X-n101-k25,3.954131500000585,7.234243050270016
X-n101-k25,4.750055599999541,7.208872458410351
X-n101-k25,4.766476400000101,7.053024536986699
X-n101-k25,4.799571499999729,7.049400166721032
X-n101-k25,4.86622940000052,6.944293429016708
X-n101-k25,5.566831199999797,6.940669058751042
X-n101-k25,5.778091899999708,6.842811061578051
X-n101-k25,5.7978041999995185,6.233916856946106
X-n101-k25,5.798940700000458,6.21941937588344
X-n101-k25,5.799818100000266,6.078068935522453
X-n101-k25,5.8080274000003556,6.052698343662788
X-n101-k25,5.828583000000435,6.038200862600123
X-n101-k25,5.833259000000908,5.896850422239136
X-n101-k25,5.877946900000097,5.889601681707803
X-n101-k25,7.055957800001124,5.81348990612881
X-n101-k25,7.057045600000492,5.791743684534812
X-n101-k25,7.257315200000448,5.784494944003479
X-n101-k25,7.484495099999549,5.73375376028415
X-n101-k25,7.499812500000189,5.70475879815882
X-n101-k25,7.532699400000638,5.371316733717517
X-n101-k25,7.547589199999493,5.309702439201189
X-n101-k25,7.54815039999994,5.21909318255953
X-n101-k25,7.549293000000034,5.008879707150882
X-n101-k25,7.549693200000547,4.9943822260882165
X-n101-k25,7.55057719999968,4.947265412634555
X-n101-k25,7.551433599999655,4.932767931571889
X-n101-k25,7.551816200000758,4.871153637055562
X-n101-k25,8.188450199999352,4.570330905005255
X-n101-k25,8.232777100000021,4.55583342394259
X-n101-k25,8.264423700000407,4.537711572614259
X-n101-k25,8.275199199999406,4.523214091551593
X-n101-k25,51.245145500000945,4.490594759160596
X-n200-k36,0.021519500000067637,18.020417221482468
X-n200-k36,0.023043900000629947,18.017002970398444
X-n200-k36,0.0246861000014178,17.480965550206562
X-n200-k36,0.026518100001339917,17.462187169244427
X-n200-k36,0.030068000000028405,17.37853801768582
X-n200-k36,0.03218090000154916,17.376830892143808
X-n200-k36,0.03282190000027185,17.366588138891732
X-n200-k36,0.03329430000121647,17.363173887807708
X-n200-k36,0.03483380000034231,17.354638260097648
X-n200-k36,0.03550150000046415,17.238553723240805
X-n200-k36,0.03624889999991865,17.230018095530745
X-n200-k36,0.03851570000006177,17.216361091194646
X-n200-k36,0.044998300001680036,17.192461333606474
X-n200-k36,0.045613400001457194,17.190754208064458
X-n200-k36,0.04600660000141943,17.170268701560314
X-n200-k36,0.04649420000168902,17.158318822766226
X-n200-k36,0.04866340000080527,17.1549045716822
X-n200-k36,0.04919990000053076,17.06613404349756
X-n200-k36,0.04958950000036566,17.05418416470347
X-n200-k36,0.0517059000012523,17.042234285909387
X-n200-k36,0.052182100000209175,17.0302844071153
X-n200-k36,0.05459310000151163,17.018334528321212
X-n200-k36,0.05648710000059509,16.999556147359076
X-n200-k36,0.05710970000109228,16.996141896275052
X-n200-k36,0.06036600000152248,16.98760626856499
X-n200-k36,0.06292400000165799,16.960292259892793
X-n200-k36,0.06511500000124215,16.955170883266753
X-n200-k36,0.06690210000124353,16.941513878930657
X-n200-k36,0.06754480000017793,16.938099627846633
X-n200-k36,0.06818100000054983,16.92273549796852
X-n200-k36,0.07011530000090715,16.90737136809041
X-n200-k36,0.07052290000137873,16.881764484960225
X-n200-k36,0.07218980000106967,16.856157601830038
X-n200-k36,0.07302210000125342,16.827136467615826
X-n200-k36,0.07492330000059155,16.810065212195706
X-n200-k36,0.07588860000032582,16.80494383556967
X-n200-k36,0.07666810000046098,16.79982245894363
X-n200-k36,0.07966170000145212,16.78957970569156
X-n200-k36,0.08207900000161317,16.78445832906552
X-n200-k36,0.08446710000134772,16.77762982689747
X-n200-k36,0.08487150000109978,16.75885144593533
X-n200-k36,0.08603760000005423,15.154153436443716
X-n200-k36,0.08869060000142781,15.15073918535969
X-n200-k36,0.08932210000057239,15.123425176687494
X-n200-k36,0.09149820000129694,15.092696916931272
X-n200-k36,0.09284600000137289,15.034654648502851
X-n200-k36,0.09402330000011716,15.009047765372665
X-n200-k36,0.09446930000012799,14.98344088224248
X-n200-k36,0.09514380000109668,14.980026631158456
X-n200-k36,0.0972159000011743,14.97490525453242
X-n200-k36,0.09853450000082375,13.897709037522619
X-n200-k36,0.09953850000056264,13.894294786438593
X-n200-k36,0.10227630000008503,13.878930656560485
X-n200-k36,0.1027423000014096,13.860152275598347
X-n200-k36,0.10322500000074797,13.851616647888285
X-n200-k36,0.10360660000151256,13.808938509337976
X-n200-k36,0.10399170000164304,13.781624500665778
X-n200-k36,0.10703629999989062,13.09536003277681
X-n200-k36,0.10844690000158153,13.093652907234798
X-n200-k36,0.10883230000035837,13.083410153982724
X-n200-k36,0.1092796000011731,13.0799959028987
X-n200-k36,0.11147820000041975,13.078288777356686
X-n200-k36,0.11187170000084734,13.071460275188636
X-n200-k36,0.11308680000001914,13.056096145310525
X-n200-k36,0.11346510000112175,10.971695858513435
X-n200-k36,0.11483159999988857,10.966574481887397
X-n200-k36,0.1154156000011426,10.929017719963126
X-n200-k36,0.11581560000013269,10.886339581412816
X-n200-k36,0.11713240000062797,10.867561200450682
X-n200-k36,0.11801530000047933,10.72928403154768
X-n200-k36,0.11905269999988377,10.724162654921642
X-n200-k36,0.11990200000036566,10.71391990166957
X-n200-k36,0.12043760000051407,10.688313018539382
X-n200-k36,0.122327300001416,10.674656014203284
X-n200-k36,0.12362150000080874,10.666120386493223
X-n200-k36,0.1249496000000363,10.649049131073099
X-n200-k36,0.12556040000163193,10.626856499026939
X-n200-k36,0.126022100001137,10.556864351804432
X-n200-k36,0.1264288000002125,10.346887910136912
X-n200-k36,0.12681400000110443,10.30933114821264
X-n200-k36,0.1271998000011081,10.302502646044589
X-n200-k36,0.13221330000124,10.275188637372393
X-n200-k36,0.13959800000156974,10.061797944620848
X-n200-k36,0.1421343000001798,10.044726689200724
X-n200-k36,0.1438086000016483,10.032776810406638
X-n200-k36,0.14682030000039958,10.025948308238588
X-n200-k36,0.1490895000006276,10.002048550650414
X-n200-k36,0.1548348000014812,9.964491788726143
X-n200-k36,0.15526360000148998,9.954249035474069
X-n200-k36,0.16009149999990768,9.908156645839734
X-n200-k36,0.1641819000014948,9.90474239475571
X-n200-k36,0.16478120000101626,9.901328143671686
X-n200-k36,0.16583470000114175,9.877428386083514
X-n200-k36,0.17528910000146425,9.865478507289426
X-n200-k36,0.1822717000013654,9.802314862234969
X-n200-k36,0.18316110000159824,9.800607736692957
X-n200-k36,0.18777110000155517,9.797193485608933
X-n200-k36,0.18827610000153072,9.792072108982895
X-n200-k36,0.19108240000059595,9.788657857898869
X-n200-k36,0.1915251000009448,9.740858342722523
X-n200-k36,0.19298260000141454,9.600874048277511
X-n200-k36,0.19867650000014692,9.595752671651473
X-n200-k36,0.20258410000133154,9.590631295025435
X-n200-k36,0.20310200000130862,9.582095667315373
X-n200-k36,0.20352249999996275,9.576974290689337
X-n200-k36,0.2081735000010667,9.565024411895251
X-n200-k36,0.2122579000006226,9.56331728635324
X-n200-k36,0.21509280000100262,9.559903035269214
X-n200-k36,0.21801790000063193,9.558195909727202
X-n200-k36,0.22315160000107426,9.518932022260918
X-n200-k36,0.2300998000009713,9.27481306975315
X-n200-k36,0.23181800000020303,9.271398818669125
X-n200-k36,0.23628760000065085,9.261156065417051
X-n200-k36,0.23745990000134043,9.23213493120284
X-n200-k36,0.24488650000057532,9.184335416026494
X-n200-k36,0.24798080000073242,9.172385537232408
X-n200-k36,0.24841230000129144,9.148485779644234
X-n200-k36,0.24880750000011176,9.124586022056063
X-n200-k36,0.24922200000037265,9.07849363242173
X-n200-k36,0.25498200000038196,9.066543753627641
X-n200-k36,0.25677190000169503,9.063129502543617
X-n200-k36,0.2587968000007095,9.039229744955444
X-n200-k36,0.26162050000129966,8.982894602069036
X-n200-k36,0.2651132000009966,8.97948035098501
X-n200-k36,0.28719900000032794,8.972651848816962
X-n200-k36,0.2935871000008774,8.926559459182629
X-n200-k36,0.2941262000003917,8.894124073884393
X-n200-k36,0.3057654000003822,8.877052818464271
X-n200-k36,0.30864310000106343,8.873638567380244
X-n200-k36,0.31238440000015544,8.851445935334084
X-n200-k36,0.3128915000015695,8.825839052203898
X-n200-k36,0.31574970000110625,8.810474922325788
X-n200-k36,0.3187563000010414,8.788282290279627
X-n200-k36,0.3194318000005296,8.737068524019257
X-n200-k36,0.32182770000144956,8.648297995834614
X-n200-k36,0.3265703000015492,8.627812489330465
X-n200-k36,0.3291305000002467,8.56464884427601
X-n200-k36,0.33029850000093575,8.549284714397896
X-n200-k36,0.3307237000008172,8.539041961145823
X-n200-k36,0.3311985000000277,8.530506333435762
X-n200-k36,0.33302550000007614,8.247123493461709
X-n200-k36,0.33549130000028526,8.243709242377685
X-n200-k36,0.3415638000005856,8.19761685274335
X-n200-k36,0.34218480000163254,8.195909727201338
X-n200-k36,0.3513555000008637,8.180545597323228
X-n200-k36,0.3610424000016792,8.17542422069719
X-n200-k36,0.3684480000010808,8.156645839735054
X-n200-k36,0.3707520000007207,8.141281709856942
X-n200-k36,0.37394940000012866,8.131038956604868
X-n200-k36,0.3821705000009388,8.117381952268769
X-n200-k36,0.39021580000007816,8.079825190344497
X-n200-k36,0.3929470000002766,8.025197173000102
X-n200-k36,0.39955880000161415,7.991054662159855
X-n200-k36,0.4030878000012308,7.989347536617843
X-n200-k36,0.41749669999990147,7.984226159991806
X-n200-k36,0.42390230000091833,7.970569155655707
X-n200-k36,0.42955170000095677,7.931305268189423
X-n200-k36,0.435509800001455,7.8630202465089285
X-n200-k36,0.43595790000108536,7.840827614462767
X-n200-k36,0.436371900001177,7.83570623783673
X-n200-k36,0.44362870000077237,7.827170610126669
X-n200-k36,0.46099690000119153,7.810099354706546
X-n200-k36,0.4711137000012968,7.794735224828433
X-n200-k36,0.5122418999999354,7.793028099286421
X-n200-k36,0.517683300000499,7.762299839530199
X-n200-k36,0.5198728000013944,7.6888934412236685
X-n200-k36,0.5451761000003899,7.583051657618902
X-n200-k36,0.5484230000001844,7.507938133770358
X-n200-k36,0.5489902000008442,7.241626549216429
X-n200-k36,0.549551900001461,7.231383795964355
X-n200-k36,0.5499905000015133,7.207484038376181
X-n200-k36,0.5602617000004102,7.157977397657824
X-n200-k36,0.5615864999999758,7.128956263443614
X-n200-k36,0.5620358000014676,7.108470756939465
X-n200-k36,0.5717913000007684,7.101642254771416
X-n200-k36,0.5724275000011403,7.0913995015193425
X-n200-k36,0.578378000000157,7.04018573525897
X-n200-k36,0.581069200001366,6.446106046638669
X-n200-k36,0.5815861000010045,6.138823449076445
X-n200-k36,0.583999300000869,6.130287821366384
X-n200-k36,0.5844675000007555,6.126873570282359
X-n200-k36,0.5928053000006912,6.046638669807778
X-n200-k36,0.5971686000011687,5.98347502475332
X-n200-k36,0.6023669000005611,5.928847007408925
X-n200-k36,0.6031034000006912,5.927139881866912
X-n200-k36,0.6102788000007422,5.877633241148554
X-n200-k36,0.6194444000011572,5.875926115606542
X-n200-k36,0.6201719000000594,5.86739048789648
X-n200-k36,0.6208221000015328,5.853733483560381
X-n200-k36,0.621288000000277,5.8161767216361095
X-n200-k36,0.6218649000002188,5.80251971730001
X-n200-k36,0.6223441000001912,5.795691215131961
X-n200-k36,0.6229047000015271,5.76667008091775
X-n200-k36,0.6234621000003244,5.705213561405306
X-n200-k36,0.6254595000009431,5.694970808153232
X-n200-k36,0.6260547000001679,5.546450885998156
X-n200-k36,0.6264572000000044,5.53450100720407
X-n200-k36,0.6270448000013857,5.531086756120045
X-n200-k36,0.6275307000014436,5.520844002867971
X-n200-k36,0.6281469000005018,5.515722626241934
X-n200-k36,0.6285320000006323,5.508894124073884
X-n200-k36,0.628934800000934,5.462801734439551
X-n200-k36,0.6293478000006871,5.438901976851378
X-n200-k36,0.6297695000012027,5.432073474683328
X-n200-k36,0.631029000000126,5.416709344805217
X-n200-k36,0.6320911000002525,5.4064665915531425
X-n200-k36,0.6572153000015533,5.167469015671412
X-n200-k36,0.6586161000013817,5.164054764587387
X-n200-k36,0.6704400000016904,5.160640513503363
X-n200-k36,0.7102952000004734,5.158933387961351
X-n200-k36,0.7983221000013145,5.1452763836252515
X-n200-k36,0.8195439999999508,5.129912253747141
X-n200-k36,0.8228471000002173,5.073577110860733
X-n200-k36,0.8258228000013332,5.0633343576086585
X-n200-k36,0.827173200001198,5.0582129809826215
X-n200-k36,0.8298657000013918,5.030898972310424
X-n200-k36,0.8324441000004299,5.015534842432313
X-n200-k36,0.8485206000004837,5.010413465806275
X-n200-k36,0.8595393000014155,4.83970091160504
X-n200-k36,0.8606342000002769,4.834579534979002
X-n200-k36,0.876642900000661,4.817508279558879
X-n200-k36,0.8810212000007596,4.815801154016866
X-n200-k36,0.881688600000416,4.8140940284748535
X-n200-k36,0.8880828000001202,4.727030625832223
X-n200-k36,0.8885276000000886,4.723616374748199
X-n200-k36,0.8941815000016504,4.718494998122162
X-n200-k36,0.9095482000011543,4.713373621496125
X-n200-k36,0.921568900001148,4.653624227525692
X-n200-k36,0.9223965000001044,4.650209976441667
X-n200-k36,0.9228188000015507,4.542661067294889
X-n200-k36,0.9232578000010108,4.527296937416778
X-n200-k36,0.9236637000012706,4.491447301034518
X-n200-k36,0.9240503000000899,4.455597664652259
X-n200-k36,0.9244376000006014,4.3753627641776776
X-n200-k36,0.9290427000014461,4.353170132131517
X-n200-k36,0.9863726000003226,4.329270374543344
X-n200-k36,0.9869484999999258,4.325856123459319
X-n200-k36,1.0190852000014274,4.264399603946875
X-n200-k36,1.0217969000004814,4.243914097442726
X-n200-k36,1.0316739000008965,4.156850694800095
X-n200-k36,1.0427327000015794,4.148315067090034
X-n200-k36,1.0432942000006733,4.134658062753934
X-n200-k36,1.0545076000016707,4.1278295605858855
X-n200-k36,1.0553814000013517,4.091979924203626
X-n200-k36,1.0558230000006006,4.081737170951552
X-n200-k36,1.056426900000588,4.061251664447404
X-n200-k36,1.0576300000011543,4.052716036737341
X-n200-k36,1.0590738999999303,4.045887534569292
X-n200-k36,1.0676462999999785,4.0390590324012425
X-n200-k36,1.0756022000005032,4.033937655775206
X-n200-k36,1.2384399000002304,4.027109153607157
X-n200-k36,1.4136541000007128,3.999795144934958
X-n200-k36,1.5926514000002499,3.9861381405988596
X-n200-k36,1.610494500000641,3.9844310150568476
X-n200-k36,1.6115150000005087,3.972481136262761
X-n200-k36,1.6158543000001373,3.922974495544403
X-n200-k36,6.262068300000465,3.8854177336201308
X-n200-k36,6.356165700000929,3.8461538461538463
X-n200-k36,6.357201700000587,3.830789716275735
X-n200-k36,6.411687300000267,3.8290825907337225
X-n200-k36,6.4199162000004435,3.8273754651917105
X-n200-k36,6.420928300000014,3.823961214107686
X-n200-k36,6.422220800001014,3.8222540885656726
X-n200-k36,6.431966100000864,3.813718460855611
X-n200-k36,6.506842500000857,3.812011335313599
X-n200-k36,7.981520100000125,3.806889958687562
X-n200-k36,8.063352600000144,3.7966472054354874
X-n200-k36,8.116509900000892,3.793232954351463
X-n200-k36,8.239754100000937,3.776161698931339
X-n200-k36,8.249263200001224,3.7232408071289567
X-n200-k36,8.25042670000039,3.7215336815869438
X-n200-k36,8.251326999999947,3.7129980538768823
X-n200-k36,8.25222130000111,3.7027553006248075
X-n200-k36,8.253042500000447,3.6959267984567585
X-n200-k36,28.39814380000098,3.689098296288709
X-n200-k36,28.399206800000684,3.6754412919526103
X-n200-k36,28.529667700000573,3.6720270408685853
X-n298-k31,0.03629960000034771,42.81791358709942
X-n298-k31,0.03755670000100508,42.75948701469428
X-n298-k31,0.03825350000079197,42.619263240921974
X-n298-k31,0.03906810000080441,42.61342058368146
X-n298-k31,0.03979299999991781,42.522859396453505
X-n298-k31,0.04415359999984503,42.467354152668634
X-n298-k31,0.04495359999964421,42.458590166807866
X-n298-k31,0.04553020000093966,42.33881569337735
X-n298-k31,0.050447300000087125,42.16353597616196
X-n298-k31,0.051197300001149415,42.113873389617595
X-n298-k31,0.06338839999989432,40.36399754608396
X-n298-k31,0.06425310000122408,40.24130174403319
X-n298-k31,0.07071920000089449,40.22085244369139
X-n298-k31,0.07277580000118178,39.80602377961497
X-n298-k31,0.07352139999966312,39.750518535830096
X-n298-k31,0.07416980000016338,39.67164266308317
X-n298-k31,0.07492550000097253,39.65411469136163
X-n298-k31,0.07973049999964132,39.57816014723497
X-n298-k31,0.08040009999967879,39.43209371622214
X-n298-k31,0.0811799000002793,39.32984721451316
X-n298-k31,0.0864982000002783,39.27434197072829
X-n298-k31,0.08718670000052953,38.65209897461365
X-n298-k31,0.09200790000068082,38.57322310186673
X-n298-k31,0.09277040000051784,38.54108848704391
X-n298-k31,0.09333280000100785,38.53232450118314
X-n298-k31,0.0982612000007066,36.85548187315591
X-n298-k31,0.09929080000074464,36.68020215594052
X-n298-k31,0.1003104000010353,36.65098886973796
X-n298-k31,0.10099600000103237,36.551663696649236
X-n298-k31,0.10624470000038855,36.52245041044667
X-n298-k31,0.10775090000061027,36.48739446700359
X-n298-k31,0.11356650000016089,36.20110426221846
X-n298-k31,0.11487550000128977,36.15728433291461
X-n298-k31,0.12082940000072995,36.09301510326897
X-n298-k31,0.12679190000017115,36.00829657328153
X-n298-k31,0.12762000000111584,36.005375244661266
X-n298-k31,0.1281942000005074,35.98492594431948
X-n298-k31,0.12878030000138097,35.9498700008764
X-n298-k31,0.13432040000043344,35.60515322368613
X-n298-k31,0.13589820000015607,35.570097280243054
X-n298-k31,0.1365566000004037,35.51167070783792
X-n298-k31,0.14246730000013486,35.46785077853408
X-n298-k31,0.14318420000017795,35.40066022026818
X-n298-k31,0.1479615999996895,35.09976337238176
X-n298-k31,0.1494820999996591,35.093920715141245
X-n298-k31,0.15008640000087325,35.03841547135637
X-n298-k31,0.15469240000129503,34.99167421343227
X-n298-k31,0.1566664000001765,34.95369694136893
X-n298-k31,0.1574333000007755,34.93324764102714
X-n298-k31,0.1580076000009285,34.93032631240688
X-n298-k31,0.158545199999935,34.892349040343554
X-n298-k31,0.16499090000070282,34.863135754140984
X-n298-k31,0.16596709999976156,34.75796792381175
X-n298-k31,0.1666306999995868,34.58853086383687
X-n298-k31,0.16726899999957823,34.52134030557097
X-n298-k31,0.17200729999967734,34.413251146621484
X-n298-k31,0.17281390000061947,34.34021793111507
X-n298-k31,0.17470219999995606,34.278870030089685
X-n298-k31,0.17532539999956498,34.18830884286173
X-n298-k31,0.17988940000032017,34.10066898425404
X-n298-k31,0.18601789999956964,34.0159504542666
X-n298-k31,0.18737940000028175,34.01010779702609
X-n298-k31,0.18797319999976025,33.995501153924806
X-n298-k31,0.18857550000029732,33.96336653910198
X-n298-k31,0.18916259999969043,33.957523881861476
X-n298-k31,0.19483510000100068,33.88741199497532
X-n298-k31,0.19749620000038703,33.7676375215448
X-n298-k31,0.20258490000014717,33.75010954982326
X-n298-k31,0.20674640000106592,33.697525634658646
X-n298-k31,0.21382439999979397,33.66246969121556
X-n298-k31,0.21468000000095344,33.64786304811428
X-n298-k31,0.21532500000103028,33.30898892816453
X-n298-k31,0.21648060000006808,33.271011656101194
X-n298-k31,0.2170507999999245,33.259326341620174
X-n298-k31,0.2176104000009218,33.21550641231632
X-n298-k31,0.21815480000077514,33.122023896468114
X-n298-k31,0.22514810000029684,33.069439981303496
X-n298-k31,0.22637229999963893,33.01977739475914
X-n298-k31,0.23330429999987246,32.96427215097426
X-n298-k31,0.23421070000040345,32.905845578569135
X-n298-k31,0.23493820000112464,32.85034033478426
X-n298-k31,0.23561570000128995,32.821127048581694
X-n298-k31,0.2363435000006575,32.80359907686016
X-n298-k31,0.23692389999996522,32.6867459320499
X-n298-k31,0.23747160000129952,32.645847331366305
X-n298-k31,0.24340790000132984,32.642926002746044
X-n298-k31,0.24719530000038503,32.57281411585989
X-n298-k31,0.2503457000002527,32.52607285793579
X-n298-k31,0.2510409000005893,32.51730887207502
X-n298-k31,0.25584710000111954,32.49393824311297
X-n298-k31,0.2568360000004759,32.48809558587246
X-n298-k31,0.2587358000000677,32.46180362829015
X-n298-k31,0.25935500000014144,32.45011831380912
X-n298-k31,0.2625110000008135,32.388770412783735
X-n298-k31,0.2633700000005774,32.3507931407204
X-n298-k31,0.2671434000003501,32.26023195349244
X-n298-k31,0.26840290000109235,32.20180538108732
X-n298-k31,0.27100090000021737,32.10540153661886
X-n298-k31,0.27225840000028256,32.00023370628962
X-n298-k31,0.2729188000012073,31.921357833542697
X-n298-k31,0.27848679999988235,31.62046098565628
X-n298-k31,0.27933389999998326,31.562034413251144
X-n298-k31,0.27997859999959473,31.46270924016242
X-n298-k31,0.2806034000004729,31.328328123630627
X-n298-k31,0.3004548999997496,31.1150711343519
X-n298-k31,0.30124179999984335,31.0215886185037
X-n298-k31,0.3018435000012687,30.97776868919985
X-n298-k31,0.3024241000002803,30.96608337471882
X-n298-k31,0.3030739000005269,30.945634074377026
X-n298-k31,0.30969139999979234,30.904735473693435
X-n298-k31,0.31057979999968666,30.887207501971897
X-n298-k31,0.31891900000118767,30.7995676433642
X-n298-k31,0.32245850000072096,30.54249072478163
X-n298-k31,0.32325110000056156,28.865648096754406
X-n298-k31,0.32384600000114006,28.740030966083374
X-n298-k31,0.32453760000134935,28.73710963746312
X-n298-k31,0.3316384999998263,28.631941807133888
X-n298-k31,0.3350577000001067,28.418684817855162
X-n298-k31,0.3370144000000437,28.404078174753877
X-n298-k31,0.3402568000001338,28.082732026525665
X-n298-k31,0.34097810000093887,28.065204054804127
X-n298-k31,0.3484310000003461,28.059361397563613
X-n298-k31,0.359655100000964,28.0330694399813
X-n298-k31,0.3667574999999488,28.01262013963951
X-n298-k31,0.3778376999998727,28.003856153778738
X-n298-k31,0.3842550999997911,27.989249510677457
X-n298-k31,0.38502100000005157,27.895766994829245
X-n298-k31,0.38564170000063314,27.881160351727967
X-n298-k31,0.39858300000014424,27.802284478981043
X-n298-k31,0.405777300000409,27.6708246910695
X-n298-k31,0.4065368999999919,27.594870146942828
X-n298-k31,0.4073366000011447,27.591948818322575
X-n298-k31,0.4130412000013166,27.57149951798078
X-n298-k31,0.4137876000004326,27.457567701790776
X-n298-k31,0.4145098000008147,27.419590429727442
X-n298-k31,0.41641789999994216,27.331950571119744
X-n298-k31,0.42989610000040557,27.27936665595513
X-n298-k31,0.4372486000011122,27.27644532733487
X-n298-k31,0.44677260000025854,27.264760012853845
X-n298-k31,0.45375390000117477,27.24431071251205
X-n298-k31,0.4653005000000121,27.15667085390436
X-n298-k31,0.4661778999998205,27.115772253220765
X-n298-k31,0.4722961999996187,27.089480295638456
X-n298-k31,0.47304110000004584,27.071952323916914
X-n298-k31,0.4787781000013638,26.93757120738512
X-n298-k31,0.5097958000005747,26.803190090853317
X-n298-k31,0.5106472000006761,26.65420233122024
X-n298-k31,0.511318000000756,26.30656422540972
X-n298-k31,0.5120067999996536,26.017352692004327
X-n298-k31,0.5177947000011045,25.888814232713038
X-n298-k31,0.5239352999997209,25.856679617890215
X-n298-k31,0.5700498000005609,25.643422628611496
X-n298-k31,0.5708930000000692,25.541176126902513
X-n298-k31,0.5781932999998389,25.49443486897841
X-n298-k31,0.5792528000001766,25.491513540358156
X-n298-k31,0.5849885999996332,25.357132423826357
X-n298-k31,0.5857845999998972,25.336683123484562
X-n298-k31,0.5996790000008332,25.24320060763635
X-n298-k31,0.6201204000008147,25.199380678332506
X-n298-k31,0.6424077000010584,25.176010049370458
X-n298-k31,0.684823999999935,24.936461102509423
X-n298-k31,0.6971443000002182,24.656013554964797
X-n298-k31,0.7181288000010682,24.501183138091204
X-n298-k31,0.7321301000010862,24.48949782361018
X-n298-k31,0.7791459000000032,24.32882474949607
X-n298-k31,0.7812876999996661,24.258712862609915
X-n298-k31,0.7881066999998438,23.913996085419647
X-n298-k31,0.7891374999999243,23.881861470596828
X-n298-k31,0.8346809000013309,23.38815693377348
X-n298-k31,0.8464220000005298,23.078496100026292
X-n298-k31,0.8473439999997936,23.04051882796296
X-n298-k31,0.8611906000005547,23.03175484210219
X-n298-k31,0.8706652000000759,22.976249598317313
X-n298-k31,0.8715448000002652,22.704566036633462
X-n298-k31,1.004399999999805,22.324793316000115
X-n298-k31,1.0424245000012888,22.14659227016447
X-n298-k31,1.0720141000001604,21.813560807455232
X-n298-k31,1.1098877000003995,21.79019017849318
X-n298-k31,1.1107214000003296,21.787268849872923
X-n298-k31,1.1114909000007174,21.70547164850574
X-n298-k31,1.112447000001339,21.54479857439163
X-n298-k31,1.1158990000003541,21.541877245771378
X-n298-k31,1.1179255000006378,21.419181443720603
X-n298-k31,1.1186791000000085,21.416260115100346
X-n298-k31,1.119485999999597,21.404574800619322
X-n298-k31,1.1200998000003892,21.346148228214194
X-n298-k31,1.1206946000002063,21.337384242353423
X-n298-k31,1.121353000000454,21.3256989278724
X-n298-k31,1.1219670999998925,21.27311501270778
X-n298-k31,1.1226483000009466,21.235137740644443
X-n298-k31,1.123395900000105,21.214688440302652
X-n298-k31,1.1253145999999106,20.905027606555464
X-n298-k31,1.1261135000004288,20.902106277935207
X-n298-k31,1.1274329999996553,20.764803832783148
X-n298-k31,1.128859200000079,20.726826560719815
X-n298-k31,1.1298678000002838,20.718062574859044
X-n298-k31,1.133012399999643,20.697613274517252
X-n298-k31,1.1367628999996668,20.65671467383366
X-n298-k31,1.1526290000001609,20.650872016593148
X-n298-k31,1.217663999999786,20.642108030732377
X-n298-k31,1.3133283000006486,20.633344044871606
X-n298-k31,1.406192899999951,20.621658730390582
X-n298-k31,1.4719382000002952,20.607052087289297
X-n298-k31,1.4743994000000384,20.55738950074494
X-n298-k31,1.4756545000000187,20.34121118284596
X-n298-k31,1.5238110999998753,20.276941953200314
X-n298-k31,1.5366790999996738,20.209751394934415
X-n298-k31,1.548768000000564,20.08121293564313
X-n298-k31,1.6089668000004167,19.99065174841518
X-n298-k31,1.6176682000004803,19.908854547047998
X-n298-k31,1.6184446999995998,19.832900002921328
X-n298-k31,1.6397322000011627,19.81537203119979
X-n298-k31,1.7276252999999997,19.555373783996963
X-n298-k31,1.7469092000010278,19.546609798136192
X-n298-k31,1.7614239000013185,19.467733925389265
X-n298-k31,1.778449700001147,19.315824837135928
X-n298-k31,1.7796476000003167,19.272004907832084
X-n298-k31,1.8105690000011236,18.985714703046945
X-n298-k31,1.812937900000179,18.8075136572113
X-n298-k31,1.8135863000006793,18.728637784464375
X-n298-k31,1.814151500000662,18.705267155502323
X-n298-k31,1.8156951000000845,18.696503169641552
X-n298-k31,1.8162346000008256,18.643919254476938
X-n298-k31,1.8168021000001318,18.63223393999591
X-n298-k31,1.8175013000000035,18.608863311033858
X-n298-k31,1.818232400000852,18.535830095527444
X-n298-k31,1.819375900000523,18.50661680932488
X-n298-k31,1.820314900000085,18.47448219450206
X-n298-k31,1.8213854000005085,18.418976950717187
X-n298-k31,2.042092700001376,18.106394788349743
X-n298-k31,2.0481648000004498,18.091788145248458
X-n298-k31,2.070443200000227,17.834711226665885
X-n298-k31,5.18042510000123,17.82302591218486
X-n298-k31,5.214763500000117,17.805497940463322
X-n298-k31,5.218234900001335,17.738307382197423
X-n298-k31,5.22076879999986,17.527971721538957
X-n298-k31,5.22453300000052,17.040109841956124
X-n298-k31,5.231168700000126,16.996289912652273
X-n298-k31,5.234300300000541,16.95831264058894
X-n298-k31,5.2380217000009,16.90865005404458
X-n298-k31,5.241262600000482,16.84145949577868
X-n298-k31,5.576431499999671,16.747976979930474
X-n298-k31,5.604120100000728,16.736291665449446
X-n298-k31,5.645572600000378,16.724606350968422
X-n298-k31,5.703506300000299,16.6924717361456
X-n298-k31,5.706354100000681,16.654494464082266
X-n298-k31,14.422048700000232,16.6252811778797
X-n298-k31,14.43431640000017,16.525956004790977
X-n298-k31,14.43622300000061,16.520113347550467
X-n298-k31,14.43764740000006,16.4909000613479
X-n298-k31,14.439169100000072,16.379889573778154
X-n298-k31,14.441103700000895,16.29224971517046
X-n298-k31,15.33904419999999,16.274721743448918
X-n298-k31,52.99759600000107,16.23966580000584
X-n298-k31,53.06380160000117,16.096520697613276
X-n298-k31,53.098448599999756,16.035172796587887
X-n393-k38,0.06870420000086597,19.631468897020387
X-n393-k38,0.0728199000004679,19.56351280710925
X-n393-k38,0.07410260000142443,19.495556717198117
X-n393-k38,0.0752996000010171,19.448510193413487
X-n393-k38,0.07616980000057083,19.438055410350234
X-n393-k38,0.08271220000096946,19.419759539989546
X-n393-k38,0.08373850000134553,19.325666492420282
X-n393-k38,0.0918667000005371,19.291688447464715
X-n393-k38,0.09299910000117961,19.255096706743334
X-n393-k38,0.09385310000106983,19.242028227914272
X-n393-k38,0.09461760000158392,19.234187140616832
X-n393-k38,0.10166700000081619,19.20543648719289
X-n393-k38,0.10267060000114725,19.200209095661265
X-n393-k38,0.10356310000133817,19.197595399895455
X-n393-k38,0.10455370000090625,19.189754312598016
X-n393-k38,0.10565150000002177,19.158389963408258
X-n393-k38,0.11039520000122138,19.153162571876635
X-n393-k38,0.11144410000088101,19.090433873497126
X-n393-k38,0.11225139999987732,18.91008886565604
X-n393-k38,0.11826199999995879,17.07527443805541
X-n393-k38,0.1200702000005549,17.041296393099845
X-n393-k38,0.12093470000036177,17.004704652378464
X-n393-k38,0.12167820000104257,16.981181390486146
X-n393-k38,0.12236920000032114,16.97595399895452
X-n393-k38,0.12309070000083011,16.913225300575014
X-n393-k38,0.1238325000012992,16.743335075797177
X-n393-k38,0.12457160000121803,16.620491374803972
X-n393-k38,0.12534500000037951,16.586513329848408
X-n393-k38,0.1323519000015949,16.560376372190277
X-n393-k38,0.134623100000681,16.557762676424463
X-n393-k38,0.13700080000126036,16.421850496602193
X-n393-k38,0.15159360000143351,16.414009409304757
X-n393-k38,0.15276290000110748,16.346053319393622
X-n393-k38,0.16878470000119705,16.325143753267117
X-n393-k38,0.1769179000002623,16.301620491374806
X-n393-k38,0.1778297000000748,16.27286983795086
X-n393-k38,0.17854320000151347,16.25196027182436
X-n393-k38,0.17935600000055274,16.24411918452692
X-n393-k38,0.18009640000127547,16.118661787767905
X-n393-k38,0.18091740000090795,16.08991113434396
X-n393-k38,0.18908330000158458,16.074228959749085
X-n393-k38,0.19615130000056524,16.071615263983272
X-n393-k38,0.19702400000096532,16.03502352326189
X-n393-k38,0.19785780000165687,15.964453737584943
X-n393-k38,0.1989190000003873,15.93308938839519
X-n393-k38,0.20022730000164302,15.917407213800313
X-n393-k38,0.20095230000151787,15.9147935180345
X-n393-k38,0.2063285000003816,15.909566126502876
X-n393-k38,0.20723480000015115,15.90433873497125
X-n393-k38,0.21349460000055842,15.8128593831678
X-n393-k38,0.21612950000053388,15.75013068478829
X-n393-k38,0.21696350000092934,15.73967590172504
X-n393-k38,0.21774619999996503,15.734448510193413
X-n393-k38,0.2184469000003446,15.70569785676947
X-n393-k38,0.2191307000011875,15.69524307370622
X-n393-k38,0.22471980000045733,15.687401986408783
X-n393-k38,0.24316890000045532,15.650810245687403
X-n393-k38,0.24418750000040745,15.627286983795086
X-n393-k38,0.24495440000100643,15.61421850496602
X-n393-k38,0.25290140000106476,15.60115002613696
X-n393-k38,0.25375110000095447,15.561944589649764
X-n393-k38,0.2710863000011159,15.488761108207004
X-n393-k38,0.27222340000116674,15.46523784631469
X-n393-k38,0.28087520000008226,15.45739675901725
X-n393-k38,0.28193480000118143,15.454783063251437
X-n393-k38,0.28941910000139615,15.433873497124933
X-n393-k38,0.2951846000014484,15.428646105593307
X-n393-k38,0.2973319000011543,15.35807631991636
X-n393-k38,0.29819680000036897,15.326711970726608
X-n393-k38,0.29997780000121566,15.28227914270779
X-n393-k38,0.30066400000032445,15.27443805541035
X-n393-k38,0.3014331000013044,15.258755880815473
X-n393-k38,0.3070036000008258,15.222164140094094
X-n393-k38,0.30792079999991984,15.15682174594877
X-n393-k38,0.30969610000101966,15.133298484056457
X-n393-k38,0.31040630000097735,15.12807109252483
X-n393-k38,0.3178903000007267,15.078410872974384
X-n393-k38,0.31904450000001816,15.067956089911133
X-n393-k38,0.3198677000000316,15.060115002613697
X-n393-k38,0.32987190000130795,15.013068478829064
X-n393-k38,0.3324327999998786,14.997386304234187
X-n393-k38,0.33351040000161447,14.958180867746995
X-n393-k38,0.33441250000032596,14.929430214323054
X-n393-k38,0.3456347999999707,14.913748039728175
X-n393-k38,0.3465464000000793,14.903293256664924
X-n393-k38,0.3472529000009672,14.882383690538422
X-n393-k38,0.34794240000155696,14.837950862519603
X-n393-k38,0.3537238000008074,14.769994772608468
X-n393-k38,0.35458980000112206,14.730789336121275
X-n393-k38,0.356436300000496,14.675901725039205
X-n393-k38,0.35818250000011176,14.662833246210141
X-n393-k38,0.36308310000094934,14.621014113957134
X-n393-k38,0.36619550000068557,14.581808677469944
X-n393-k38,0.36695180000060645,14.573967590172504
X-n393-k38,0.36778850000155217,14.506011500261371
X-n393-k38,0.36848730000019714,14.469419759539988
X-n393-k38,0.3748791000016354,14.445896497647674
X-n393-k38,0.376443900000595,14.333507579717722
X-n393-k38,0.37718920000043,14.244641923680085
X-n393-k38,0.3915357000005315,14.121798222686879
X-n393-k38,0.39233969999986584,14.098274960794562
X-n393-k38,0.3930459000002884,14.093047569262938
X-n393-k38,0.3976652000001195,14.082592786199685
X-n393-k38,0.4001391000001604,14.079979090433872
X-n393-k38,0.4008594000006269,14.069524307370623
X-n393-k38,0.4016248000007181,14.04861474124412
X-n393-k38,0.40302260000134993,14.043387349712495
X-n393-k38,0.4042038000006869,14.032932566649242
X-n393-k38,0.41102460000001884,14.030318870883429
X-n393-k38,0.4117223000012018,13.962362780972295
X-n393-k38,0.4125597000002017,13.95713538944067
X-n393-k38,0.413283700001557,13.946680606377418
X-n393-k38,0.41397910000159754,13.810768426555148
X-n393-k38,0.42149650000101246,13.779404077365395
X-n393-k38,0.42246800000066287,13.755880815473079
X-n393-k38,0.43099200000142446,13.714061683220072
X-n393-k38,0.4333462000013242,13.711447987454262
X-n393-k38,0.4341398000015033,13.667015159435442
X-n393-k38,0.4422253000011551,13.625196027182435
X-n393-k38,0.4433587000003172,13.604286461055933
X-n393-k38,0.45063330000084534,13.497124934657606
X-n393-k38,0.4520968000015273,13.463146889702038
X-n393-k38,0.45849249999992026,13.455305802404599
X-n393-k38,0.45953020000160905,13.452692106638786
X-n393-k38,0.4616151999998692,13.44746471510716
X-n393-k38,0.462293900000077,13.442237323575537
X-n393-k38,0.4629787000012584,13.429168844746473
X-n393-k38,0.46373530000164465,13.423941453214846
X-n393-k38,0.46459060000051977,13.421327757449033
X-n393-k38,0.46528940000098373,13.410872974385782
X-n393-k38,0.47138059999997495,13.403031887088343
X-n393-k38,0.47294570000121894,13.40041819132253
X-n393-k38,0.4736274000006233,13.374281233664401
X-n393-k38,0.47527740000077756,13.342916884474649
X-n393-k38,0.476077900000746,13.314166231050706
X-n393-k38,0.4767824999998993,13.272347098797699
X-n393-k38,0.48450940000111586,13.26450601150026
X-n393-k38,0.48548790000131703,13.26189231573445
X-n393-k38,0.5252878000010242,13.212232096184003
X-n393-k38,0.5262262000014744,13.146889702038683
X-n393-k38,0.5482845000005909,12.846314688970203
X-n393-k38,0.5774203000000853,12.822791427077886
X-n393-k38,0.5917958999998518,12.8044955567172
X-n393-k38,0.5997698999999557,12.79665446941976
X-n393-k38,0.6271073000007164,12.744380554103502
X-n393-k38,0.6280265000004874,12.736539466806063
X-n393-k38,0.6288205000000744,12.73392577104025
X-n393-k38,0.6295413000007102,12.69733403031887
X-n393-k38,0.6527537000001757,12.639832723470986
X-n393-k38,0.6538762000000133,12.6215368531103
X-n393-k38,0.671303800001624,12.592786199686357
X-n393-k38,0.6725516000005882,12.590172503920543
X-n393-k38,0.681281900000613,12.511761630946157
X-n393-k38,0.7015503000002354,12.49607945635128
X-n393-k38,0.7092409000015323,12.488238369053843
X-n393-k38,0.7111023000015848,12.480397281756403
X-n393-k38,0.7121316000011575,12.454260324098275
X-n393-k38,0.7138357000003452,12.443805541035022
X-n393-k38,0.7216501000002609,12.433350757971771
X-n393-k38,0.7504179000006843,12.428123366440147
X-n393-k38,0.7592177000005904,12.42289597490852
X-n393-k38,0.7752141000000847,12.39414532148458
X-n393-k38,0.7763248000010208,12.381076842655515
X-n393-k38,0.7826210000002902,12.375849451123889
X-n393-k38,0.7845632000007754,12.365394668060638
X-n393-k38,0.7854235000013432,12.33141662310507
X-n393-k38,0.7861705000013899,12.31312075274438
X-n393-k38,0.8346497000002273,12.307893361212754
X-n393-k38,0.8357044000003953,12.067433350757973
X-n393-k38,0.8837266999998974,12.049137480397281
X-n393-k38,0.8922822000004089,12.043910088865657
X-n393-k38,0.9120272000000114,12.03868269733403
X-n393-k38,0.9132936000005429,12.009932043910089
X-n393-k38,0.9223124000000098,12.00209095661265
X-n393-k38,0.9238582000016322,11.996863565081025
X-n393-k38,0.9247593000000052,11.918452692106639
X-n393-k38,0.9255765000016254,11.9106116048092
X-n393-k38,0.9561939000013808,11.876633559853634
X-n393-k38,1.0153671000007307,11.868792472556194
X-n393-k38,1.0166423999999097,11.866178776790381
X-n393-k38,1.0175705000001471,11.840041819132253
X-n393-k38,1.0192609000005177,11.83742812336644
X-n393-k38,1.0309614000016154,11.829587036069002
X-n393-k38,1.0468894000005093,11.808677469942499
X-n393-k38,1.0581699000013032,11.792995295347621
X-n393-k38,1.059469200001331,11.790381599581808
X-n393-k38,1.070688700001483,11.766858337689493
X-n393-k38,1.0751225000003615,11.759017250392054
X-n393-k38,1.0866120000009687,11.711970726607424
X-n393-k38,1.088684700000158,11.696288552012547
X-n393-k38,1.0909882000014477,11.688447464715107
X-n393-k38,1.1105704000001424,11.664924202822792
X-n393-k38,1.1264676000009786,11.56299006795609
X-n393-k38,1.1602954999998474,11.549921589127026
X-n393-k38,1.1624836000009964,11.52639832723471
X-n393-k38,1.165533700001106,11.513329848405645
X-n393-k38,1.1665090000005875,11.502875065342394
X-n393-k38,1.201924599999984,11.39832723470988
X-n393-k38,1.211107200000697,11.38003136434919
X-n393-k38,1.2414019000007102,11.377417668583377
X-n393-k38,1.3316517000002932,11.312075274438055
X-n393-k38,1.342887900000278,11.304234187140617
X-n393-k38,1.3438409000009415,11.301620491374804
X-n393-k38,1.3759244000011677,11.29639309984318
X-n393-k38,1.4406448000008822,11.291165708311553
X-n393-k38,1.4483959000008326,11.28855201254574
X-n393-k38,1.5244423000003735,11.2807109252483
X-n393-k38,1.5259124000003794,11.278097229482489
X-n393-k38,1.6782543000008445,11.25196027182436
X-n393-k38,1.692263200000525,11.249346576058548
X-n393-k38,1.7044572000013432,11.244119184526921
X-n393-k38,1.786705800001073,11.241505488761108
X-n393-k38,1.8081560999999056,11.238891792995295
X-n393-k38,1.8099393000011332,11.1787767903816
X-n393-k38,1.8122754000014538,11.136957658128594
X-n393-k38,1.8951702000013029,11.008886565603763
X-n393-k38,1.9012094000008801,11.00627286983795
X-n393-k38,1.9369069000003947,11.001045478306324
X-n393-k38,1.9389053000013519,10.998431782540512
X-n393-k38,1.9440981000007014,10.9958180867747
X-n393-k38,1.9813668000006146,10.993204391008888
X-n393-k38,1.9877414000002318,10.927861996863566
X-n393-k38,1.9899553000013839,10.653423941453214
X-n393-k38,1.9910306000001583,10.64819654992159
X-n393-k38,1.9922019000005093,10.642969158389963
X-n393-k38,1.993269300000975,10.64035546262415
X-n393-k38,1.9942117000009603,10.637741766858337
X-n393-k38,1.9949778000009246,10.58546785154208
X-n393-k38,1.9957756000003428,10.454783063251437
X-n393-k38,1.9965268000014476,10.339780449555672
X-n393-k38,1.997647500000312,10.321484579194982
X-n393-k38,1.999401900000521,10.303188708834291
X-n393-k38,2.000314700000672,10.277051751176163
X-n393-k38,2.001346500001091,10.27443805541035
X-n393-k38,2.003057900001295,10.240460010454782
X-n393-k38,2.0048640000004525,10.206481965499217
X-n393-k38,2.0108963000002404,10.159435441714585
X-n393-k38,2.013431200000923,10.156821745948772
X-n393-k38,2.0158468000008725,10.154208050182959
X-n393-k38,2.472047500001281,10.141139571353893
X-n393-k38,2.5407073000005767,10.115002613695765
X-n393-k38,2.542409100000441,10.01045478306325
X-n393-k38,2.5536812000009377,9.743857814950339
X-n393-k38,2.5651799000006577,9.741244119184527
X-n393-k38,2.615727300000799,9.652378463146889
X-n393-k38,2.6405081000011705,9.498170412963931
X-n393-k38,3.0207221000000573,9.440669106116047
X-n393-k38,3.030490600000121,9.34134866701516
X-n393-k38,3.0322506000011344,9.24202822791427
X-n393-k38,3.0339949000008346,9.171458442237324
X-n393-k38,3.081514999999854,9.15838996340826
X-n393-k38,3.0843648000009125,9.147935180345009
X-n393-k38,3.0854417999998986,9.121798222686879
X-n393-k38,3.2537795000007463,9.087820177731313
X-n393-k38,3.3459192000009352,9.07736539466806
X-n393-k38,3.4057673000006616,9.06691061160481
X-n393-k38,3.4213542000015877,9.056455828541559
X-n393-k38,3.4975979999999254,8.970203868269735
X-n393-k38,3.5005826000015077,8.954521693674856
X-n393-k38,3.5510841000013897,8.951907997909043
X-n393-k38,3.5521590000007564,8.876110820700472
X-n393-k38,3.6034382000016194,8.870883429168845
X-n393-k38,3.7984208000016224,8.865656037637219
X-n393-k38,3.801123799999914,8.863042341871406
X-n393-k38,3.8021813000013935,8.860428646105593
X-n393-k38,4.12420800000109,8.847360167276529
X-n393-k38,4.143099900000379,8.83951907997909
X-n393-k38,4.145214600001054,8.836905384213276
X-n393-k38,16.012752500000715,8.473601672765291
X-n393-k38,16.14917410000089,8.468374281233665
X-n393-k38,16.17425330000151,8.316779926816519
X-n393-k38,16.183241600001566,8.30893883951908
X-n393-k38,16.190295000000333,8.298484056455829
X-n393-k38,16.21914570000081,8.290642969158391
X-n393-k38,16.22321809999994,8.227914270778882
X-n393-k38,16.229203700000653,8.220073183481443
X-n393-k38,16.438450500001636,8.212232096184003
X-n393-k38,16.44100310000067,8.196549921589128
X-n393-k38,16.451300400000036,8.178254051228437
X-n393-k38,16.453741200000877,8.173026659696811
X-n393-k38,16.519377200000235,8.008363826450601
